<?xml version="1.0"?>
<?xml-stylesheet type="text/xsl" href="http://jsbsim.sourceforge.net/JSBSimScript.xsl"?>
<!DOCTYPE runscript [
  <!ENTITY none  "0"> <!-- No magnetos    -->
  <!ENTITY left  "1"> <!-- Left magnetos  -->
  <!ENTITY right "2"> <!-- Right magnetos -->
  <!ENTITY both  "3"> <!-- Both magnetos  -->
  <!ENTITY wingLevelerMode  "0"> <!-- Roll autopilot: wing leveler mode    -->
  <!ENTITY rollAngleHold    "1"> <!-- Roll autopilot: roll angle hold mode -->
  <!ENTITY waypointHeading  "0"> <!-- Guidance-calculated waypoint heading -->
  <!ENTITY specifiedHeading "1"> <!-- User-specified heading               -->
  <!ENTITY on              "1">
  <!ENTITY off             "0">
]>
<runscript xmlns:xsi="http://www.w3.org/2001/XMLSchema-instance"
    xsi:noNamespaceSchemaLocation="http://jsbsim.sf.net/JSBSimScript.xsd"
    name="F4 test">
  <!--
    This run is for testing the C172 altitude hold autopilot
  -->

  <use aircraft="F4N" initialize="reset00"/>
  <run start="0.0" end="200" dt="0.00833333333333333333">

    <!-- Initialize with brakes on -->
    <property> simulation/notify-time-trigger </property>
    <property value="1"> simulation/run_id </property>
    <property value="&on;"> fcs/left-brake-cmd-norm </property>
    <property value="&on;"> fcs/right-brake-cmd-norm </property>
    <property value="&on;"> fcs/center-brake-cmd-norm </property>
    <property value="3.49"> guidance/specified-heading-rad </property>
    <property value="&specifiedHeading;"> guidance/heading-selector-switch </property>
    <property value="2498"> simulation/randomseed </property>



  </run>
</runscript>
